,Normal Error Percents,CKKS Error Percents
-10,103.248450926029,103.24857722392065
-20,106.59563104258211,106.59587857267906
-30,110.04433530624134,110.04472744962221
-40,113.59743199740822,113.59796895622318
-50,117.25786449236986,117.2585418290488
-60,121.02865307454451,121.02948380868852
-70,124.91289678569191,124.91388076702854
-80,128.91377531788865,128.91493086262824
-90,133.0345509470836,133.03592857127015
-100,137.2785705090612,137.2800471890078
-110,141.64926741865804,141.65093783444948
-120,146.1501637330903,146.1520018914072
-130,150.7848722602675,150.78689600520264
-140,155.55709871298185,155.5596137852702
-150,160.47064390987873,160.47307467460706
-160,165.5294060241309,165.53204215523104
-170,170.7373828807533,170.74024972678373
-180,176.09867430351446,176.10191867919207
-190,181.6174845124144,181.62085681411867
-200,187.29812457271925,187.30184439750084
-210,193.14501489655743,193.14888980264305
-220,199.16268779810062,199.1668099657135
-230,205.35579010337295,205.36019553564282
-240,211.729085815745,211.7337620981163
-250,218.28745883819346,218.29245533166778
-260,225.03591575342261,225.04114263023598
-270,231.97958866296088,231.98519401470978
-280,239.12373808637324,239.1296296405559
-290,246.47375592173776,246.4798540228929
-300,254.0351684685672,254.04169016259917
-310,261.81363951436475,261.82054226434207
-320,269.81497348603546,269.8221694640715
-330,278.0451186673844,278.05300151575295
-340,286.51017048396295,286.51831750409144
-350,295.2163748565407,295.22483741090565
-360,304.1701316245035,304.1791677124746
-370,313.37799804050076,313.3873152200939
-380,322.84669233769046,322.85637132822364
-390,332.58309737094476,332.5935911895073
-400,342.5942643334132,342.60495384689375
-410,352.88741654985427,352.89865105279205
-420,363.4699533481782,363.48134281379606
-430,374.3494540106598,374.36167198495866
-440,385.53368180631355,385.54642346214393
-450,397.03058810593984,397.0438874054758
-460,408.8483165813832,408.86231654626266
-470,420.9952074905642,421.00991046712784
-480,433.47980204987675,433.4947674173466
-490,446.31084689556377,446.3264837010815
-500,459.49729863572185,459.5135930933801
-510,473.0483284945924,473.0652759831438
-520,486.9733270508524,486.99095065469214
-530,501.28190907161934,501.3005621227762
-540,515.983918443932,516.0030048563974
-550,531.0894332054825,531.1092048483206
-560,546.6087706764275,546.6294938583103
-570,562.5524926940996,562.5739255283395
-580,578.9314109525137,578.9535908509562
-590,595.756592448553,595.7796301625701
-600,613.0393650367887,613.063570188656
-610,630.7913230948702,630.816388950192
-620,649.0243333015258,649.0504837230583
-630,667.7505405291524,667.7771224578223
-640,686.9823738531151,687.0096650540592
-650,706.7325526797923,706.7611846067476
-660,727.0140929955598,727.043765455186
-670,747.8403137388107,747.8707424414158
-680,769.2248432972873,769.257716229925
-690,791.1816261328785,791.2145700465805
-700,813.7249295362304,813.7588237673983
-710,836.869350513407,836.9046391662739
-720,860.6298228070125,860.666308094761
-730,885.0216240540957,885.0597662487834
-740,910.0603830832947,910.099384291519
-750,935.7620873536673,935.8027825209374
-760,962.1430905377022,962.1846699327415
-770,989.2201202510487,989.2632444284695
-780,1017.0102859315405,1017.0550463744908
-790,1045.531086870135,1045.5765213390207
-800,1074.8004203964165,1074.8480789384428
-810,1104.8365902213689,1104.8858029365592
-820,1135.6583149401717,1135.7088762478072
-830,1167.2847366977694,1167.3372115974144
-840,1199.7354300200961,1199.7894937056835
-850,1233.030410813767,1233.0868751186579
-860,1267.190145537214,1267.248007294247
-870,1302.2355605461767,1302.2953633540378
-880,1338.1880516166013,1338.2495862096737
-890,1375.0694936479658,1375.132789821247
-900,1412.9022505501584,1412.9677264026084
-910,1451.7091853170632,1451.7765804932008
-920,1491.5136702900227,1491.5833399459714
-930,1532.3395976144643,1532.4114367737907
-940,1574.2113898929563,1574.285751501959
-950,1617.1540110380693,1617.2304794627323
-960,1661.1929773284253,1661.2717489480335
-970,1706.3543686713956,1706.4347513655082
-980,1752.664840075951,1752.7484429135832
-990,1800.151633339216,1800.2380430404792
-1000,1848.8425889503642,1848.9317111696018
-1010,1898.7661582154824,1898.8578748034047
-1020,1949.951415607168,1950.0458304521053
-1030,2002.4280713426144,2002.525431334568
-1040,2056.2264841940255,2056.3266727230616
-1050,2111.3776745352548,2111.4810259776837
-1060,2167.9133376286413,2168.0193870963717
-1070,2225.865857156007,2225.975121369567
-1080,2285.268318997962,2285.381270305743
-1090,2346.1545252655583,2346.2705700395613
-1100,2408.5590085885924,2408.6785104112914
-1110,2472.5170466647205,2472.639821603383
-1120,2538.0646770737785,2538.190922257988
-1130,2605.238712361645,2605.3692662772496
-1140,2674.076755398143,2674.2108675898694
-1150,2744.617215013445,2744.75508413558
-1160,2816.8993219176236,2817.0415441445466
-1170,2890.9631449079543,2891.110847289662
-1180,2966.849607368721,2966.9992159041267
-1190,3044.6005040683017,3044.755835287427
-1200,3124.2585182583884,3124.4177475418737
-1210,3205.867239080289,3206.031209240569
-1220,3289.4711792833305,3289.6397090622168
-1230,3375.1157932603837,3375.2884341591903
-1240,3462.8474954057397,3463.0259962037967
-1250,3552.713678800501,3552.8981334960017
-1260,3644.762734230826,3644.9508638216535
-1270,3739.044069544404,3739.2376021348673
-1280,3835.608129350616,3835.8072515877984
-1290,3934.506415069907,3934.711072039944
-1300,4035.7915053380198,4036.002088315564
-1310,4139.5170767707605,4139.733164492108
-1320,4245.737925095099,4245.9595900402355
-1330,4354.509986652445,4354.738316632254
-1340,4465.89036028008,4466.1250581802815
-1350,4579.937329576773,4580.177450913118
-1360,4696.710385558677,4696.95938236098
-1370,4816.2702497117325,4816.524800986709
-1380,4938.678897446914,4938.940172210077
-1390,5063.999581964632,5064.268464221042
-1400,5192.296858534828,5192.5721749976265
-1410,5323.636609199326,5323.920222182208
-1420,5458.08606790308,5458.377435829433
-1430,5595.713846061102,5596.011592079703
-1440,5736.589958567926,5736.8963339171005
-1450,5880.785850256522,5881.101456900279
-1460,6028.374422813792,6028.698045651902
-1470,6179.430062159693,6179.762840753002
-1480,6334.028666297328,6334.370168518389
-1490,6492.2476736413,6492.598064285534
-1500,6654.166091831801,6654.526613854958
-1510,6819.864527042036,6820.234509353679
-1520,6989.425213786561,6989.804440010365
-1530,7162.932045238391,7163.321387261277
-1540,7340.470604062716,7340.868172869007
-1550,7522.128193775228,7522.538456950072
-1560,7707.993870633145,7708.414642159761
-1570,7898.1584760672,7898.590339678556
-1580,8092.714669662802,8093.157679179437
-1590,8291.756962699017,8292.211616820978
-1600,8495.381752253665,8495.84783420919
-1610,8703.687355883465,8704.165940342209
-1620,8916.774046887816,8917.265414715534
-1630,9134.744090165366,9135.250057383553
-1640,9357.70177867208,9358.217933551292
-1650,9585.753470490328,9586.283026617386
-1660,9819.007626518063,9819.552907213203
-1670,10057.57484878751,10058.132963224205
-1680,10301.567919423082,10302.13936665491
-1690,10551.101840247926,10551.68830483812
-1700,10806.293873049226,10806.897147559503
-1710,11067.263580511912,11067.878022061037
-1720,11334.132867831018,11334.763897404946
-1730,11607.02602501298,11607.673351873626
-1740,11886.069769875738,11886.733262286356
-1750,12171.393291759121,12172.080207682779
-1760,12463.128295954757,12463.827355267424
-1770,12761.409048867816,12762.125225386253
-1780,13066.372423920071,13067.108716409188
-1790,13378.157948206586,13378.91168376792
-1800,13696.907849916082,13697.67898653898
-1810,14022.767106527635,14023.557534181677
-1820,14355.883493793695,14356.695541469795
-1830,14696.407635522832,14697.237650147554
-1840,15044.493054172142,15045.349254611412
-1850,15400.296222263301,15401.169549380205
-1860,15763.976614632395,15764.872073867553
-1870,16135.696761527717,16136.614552890864
-1880,16515.622302566255,16516.558435333198
-1890,16903.922041563193,16904.8828194108
-1900,17300.768002245506,17301.755272646387
-1910,17706.335484864387,17707.34605247695
-1920,18120.80312371773,18121.838758005342
-1930,18544.352945598148,18545.41366732915
-1940,18977.17042917758,18978.259665419195
-1950,19419.444565344704,19420.557024069483
-1960,19871.367918506498,19872.513216633455
-1970,20333.13668887027,20334.30406867802
-1980,20804.950775718262,20806.153971618667
-1990,21287.013841691292,21288.23985918035
-2000,21779.533378093693,21780.789640817253
-2010,22282.720771237044,22284.005908973915
-2020,22796.791369834562,22798.105380935507
-2030,23321.96455346453,23323.312543510336
-2040,23858.46380211496,23859.850635052208
-2050,24406.516766827983,24407.92872967835
-2060,24966.355341457183,24967.79984519077
-2070,25538.215735555572,25539.697864867623
-2080,26122.338548409505,26123.854347019085
-2090,26718.96884423523,26720.522189868363
-2100,27328.356228554418,27329.947757467613
-2110,27950.754925765657,27952.380435502022
-2120,28586.4238579288,28588.090761371688
-2130,29235.62672477945,29237.329930644028
-2140,29898.632084990873,29900.377386149154
-2150,30575.713438701263,30577.49843858994
-2160,31267.14931132391,31268.980781481794
-2170,31973.223338658572,31975.098323602906
-2180,32694.224353322665,32696.136247542985
-2190,33430.44647251997,33432.40451484403
-2200,34182.18918716683,34184.20420300125
-2210,34949.75745239394,34951.809869546654
-2220,35733.46177944335,35735.568480116934
-2230,36533.6183289805,36535.76336435982
-2240,37350.549005840396,37352.75310868545
-2250,38184.58155522879,38186.823781766456
-2260,39036.0496603976,39038.35739181524
-2270,39905.29304181628,39907.651300185935
-2280,40792.65755785894,40795.06423300576
-2290,41698.49530702848,41700.959098768726
-2300,42623.16473173993,42625.68628623587
-2310,43567.030723682925,43569.610523369454
-2320,44530.46473078656,44533.09078334878
-2330,45513.844865808314,45516.53186009544
-2340,46517.55601656894,46520.30956107279
-2350,47541.98995785691,47544.80839521393
-2360,48587.54546502443,48590.43207724647
-2370,49654.628429298675,49657.587593991426
-2380,50743.65197483196,50746.670776878156
-2390,51855.03657751442,51858.128177360006
-2400,52989.21018557309,52992.367892997165
-2410,54146.608341982006,54149.83661765469
-2420,55327.67430870814,55330.97412655511
-2430,56532.85919281817,56536.227856353595
-2440,57762.622074470666,57766.068093316026
-2450,59017.430136820294,59020.948589925014
-2460,60297.75879785959,60301.36190760067
-2470,61604.09184422422,61607.784222465576
-2480,62936.921566988545,62940.684833157364
-2490,64296.74889947854,64300.59395506224
-2500,65684.0835571289,65688.02853676197
-2510,67099.44417941222,67103.47268046683
-2520,68543.35847386782,68547.46704013056
-2530,70016.36336225846,70020.56230748144
-2540,71519.005128884,71523.29448572005
-2550,73051.83957107976,73056.23280549441
-2560,74615.43215193035,74619.92811855082
-2570,76210.35815522683,76214.96672686249
-2580,77837.20284269901,77841.89767103063
-2590,79496.56161355152,79501.36477576024
-2600,81189.04016633485,81193.9558365492
-2610,82915.2546631837,82920.27450222425
-2620,84675.83189645143,84680.95614205737
-2630,86471.40945777496,86476.63623808736
-2640,88302.63590960045,88307.98691219267
-2650,90170.17095920393,90175.64335278176
-2660,92074.68563523746,92080.27155446171
-2670,94016.86246683709,94022.56543235481
-2680,95997.39566532378,96003.22936496348
-2690,98016.99130853289,98022.9457463559
-2700,100076.36752780592,100082.46431517063
-2710,102176.25469768044,102182.48165504402
-2720,104317.39562831211,104323.71700135179
-2730,106500.54576066516,106507.03048536631
-2740,108726.4733645094,108733.1137532557
-2750,110995.95973925568,111002.72033330532
-2760,113309.79941767239,113316.7100654056
-2770,115668.80037251682,115675.86870203495
-2780,118073.78422611914,118080.99939449005
-2790,120525.58646296053,120532.94184060655
-2800,123025.05664528038,123032.592625985
-2810,125573.05863175468,125580.74076832458
-2820,128170.47079928334,128178.31413916817
-2830,130818.18626792799,130826.17635966341
-2840,133517.11312904116,133525.29567722257
-2850,136268.17467662317,136276.5320372719
-2860,139072.3096419591,139080.82667259139
-2870,141930.47243156316,141939.18354632135
-2880,144843.63336848808,144852.52394177776
-2890,147812.7789370281,147821.88011517914
-2900,150838.91203087434,150848.18188677076
-2910,153923.05220474914,153932.54648928647
-2920,157066.23592958346,157075.9070726069
-2930,160269.51685126204,160279.43721577126
-2940,163533.96605300112,163544.0735851266
-2950,166860.67232138652,166870.99681286182
-2960,170250.74241613853,170261.21983358348
-2970,173705.30134362742,173716.00637468405
-2980,177225.49263421271,177236.42935638054
-2990,180812.47862343007,180823.63674268723
-3000,184467.44073709578,184478.8489310199
-3010,188191.5797803584,188203.21628798597
-3020,191986.11623076975,191997.991550319
-3030,195852.29053539853,195864.47278470232
-3040,199791.36341206793,199803.71463463217
-3050,203804.6161547382,203817.24943973974
-3060,207893.35094311647,207906.21940329988
-3070,212058.89115651508,212072.0568625306
-3080,216302.58169204643,216316.01528136042
-3090,220625.78928717086,220639.47634846336
-3100,225029.90284669035,225043.9523418895
-3110,229516.33377420576,229530.68868539095
-3120,234086.51630812924,234101.08129952906
-3130,238741.90786227456,238756.72840747278
-3140,243483.98937111325,243499.13763082563
-3150,248314.26563972604,248329.7732443857
-3160,253234.26569853464,253250.05717163553
-3170,258245.5431628463,258261.62682909812
-3180,263349.6765972976,263366.06998728245
-3190,268548.2698852304,268564.99130809505
-3200,273842.9526030881,273860.0588697705
-3210,279235.3803998681,279252.8095242804
-3220,284727.23538171797,284744.9801473784
-3230,290320.2265017102,290338.3626168034
-3240,296016.0899548915,296034.6207948
-3250,301816.5895786372,301835.47040259273
-3260,307723.51725840947,307742.7549586283
-3270,313738.6933389502,313758.2970883287
-3280,319863.9670410126,319884.0353404607
-3290,326101.2168836605,326121.63481899764
-3300,332452.35111224063,332473.2629517629
-3310,338919.3081320597,338940.64355209406
-3320,345504.05694787274,345525.72944228415
-3330,352208.5976092174,352230.73202231765
-3340,359034.9616616999,359057.51751486957
-3350,365985.2126042676,366008.16716334637
-3360,373061.44635257986,373084.8918266491
-3370,380265.7917085138,380289.6915683487
-3380,387600.4108359094,387624.77568250627
-3390,395067.49974260386,395092.3290906523
-3400,402669.288768857,402694.6484492368
-3410,410408.0430822112,410433.87514828483
-3420,418286.0631789055,418312.31553738134
-3430,426305.6853918724,426332.56226592674
-3440,434469.2824054506,434496.58705448173
-3450,442779.26377684023,442807.1902616941
-3460,451238.0764644273,451266.5859195756
-3470,459848.2053630246,459877.1855934114
-3480,468612.1738461346,468641.77721372945
-3490,477532.5443153056,477562.701599917
-3500,486611.91875666846,486642.65156759985
-3510,495852.9393047411,495884.29262273374
-3520,505258.28881358355,505290.2365375569
-3530,514830.6914353948,514863.2011573177
-3540,524572.9132066354,524606.1038699814
-3550,534487.7626417652,534521.6057098386
-3560,544578.0913346906,544612.5187243886
-3570,554846.7945680076,554881.9746147672
-3580,565296.811930129,565332.6875765919
-3590,575931.1279404036,575967.9126049423
-3600,586752.7726822975,586789.9883256853
-3610,597764.8224447594,597802.7764788005
-3620,608970.4003718363,609009.048580626
-3630,620372.677120668,620412.0445820759
-3640,631974.8715279265,632015.1749414369
-3650,643780.2512848288,643821.173352245
-3660,655792.1336207925,655833.8359830761
-3670,668013.885995869,668056.3885121355
-3680,680448.926802021,680492.1023239088
-3690,693100.7260733793,693144.789717522
-3700,705972.8062055553,706018.0118738768
-3710,719068.7426841385,719114.6505856519
-3720,732392.1648224657,732438.7670285337
-3730,745946.7565087843,745994.0610144252
-3740,759736.2569629034,759784.7130961759
-3750,773764.4615024561,773813.7217927641
-3760,788035.2223188793,788085.545044983
-3770,802552.4492632166,802604.4687950136
-3780,817320.1106418631,817372.0978207536
-3790,832342.2340223673,832395.3204349059
-3800,847622.9070494045,847677.147556918
-3810,863166.2782710346,863221.4637421741
-3820,878976.557975365,879032.7546669904
-3830,895058.0190377372,895115.3012188966
-3840,911414.9977785648,911473.0286920763
-3850,928051.8948319217,928111.3081508252
-3860,944973.1760250339,945033.6168114675
-3870,962183.3732687742,962244.9873446082
-3880,979687.0854592996,979749.9199608325
-3890,997488.9793909478,997552.9445845123
-3900,1015593.7906805275,1015658.9466744274
-3910,1034006.3247031305,1034072.6423264705
-3920,1052731.4575395936,1052798.7421239235
-3930,1071774.136935745,1071842.987572186
-3940,1091139.3832735613,1091209.4687179998
-3950,1110832.290554381,1110903.6791220263
-3960,1130858.027394305,1130930.7449209737
-3970,1151221.8380319076,1151295.892606611
-3980,1171929.04334843,1172004.4433180657
-3990,1192985.0419005565,1193061.6935955894
-4000,1214395.310965943,1214473.3133920813
-4010,1236165.4076016303,1236245.143480961
-4020,1258300.969715488,1258382.011970551
-4030,1280807.7171508311,1280890.2431521337
-4040,1303691.4527843604,1303775.7305192375
-4050,1326958.063637577,1327043.6395973777
-4060,1350613.522001818,1350700.507815003
-4070,1374663.8865770593,1374752.3174139268
-4080,1399115.3036246505,1399205.5630902704
-4090,1423974.0081341388,1424065.3831006298
-4100,1449246.325004298,1449339.5024141772
-4110,1474938.6702386078,1475034.067898623
-4120,1501057.5521552141,1501154.6923353015
-4130,1527609.5726116912,1527708.4863229992
-4140,1554601.42824458,1554702.1349291368
-4150,1582039.9117240885,1582142.5223599891
-4160,1609931.9130238637,1610035.486225406
-4170,1638284.4207062742,1638390.260296578
-4180,1667104.5232231135,1667212.0450962367
-4190,1696399.4102321288,1696509.3455410711
-4200,1726176.3739293336,1726288.144354069
-4210,1756442.810397478,1756556.7755771822
-4220,1787206.220970667,1787321.8580502046
-4230,1818474.2136154736,1818592.5428045208
-4240,1850254.5043285664,1850374.7760158186
-4250,1882554.9185512043,1882676.974900015
-4260,1915383.3926005824,1915507.7016148572
-4270,1948747.9751184247,1948874.5550476979
-4280,1982656.8285368106,1982785.2988322629
-4290,2017118.2305616178,2017249.1025787054
-4300,2052140.5756735548,2052273.7377340852
-4310,2087732.3766472181,2087867.9297778588
-4320,2123902.2660881225,2124039.6174903195
-4330,2160658.9979881374,2160799.2638320653
-4340,2198011.4492992833,2198154.2836711784
-4350,2235968.6215263475,2236113.98828277
-4360,2274539.64233825,2274688.083111826
-4370,2313733.7671986413,2313884.1751137185
-4380,2353560.381015647,2353713.539745922
-4390,2394028.9998112735,2394185.389529254
-4400,2435149.272410363,2435308.209147209
-4410,2476930.9821496257,2477092.2213795637
-4420,2519384.0486066854,2519548.2150565186
-4430,2562518.5293495716,2562685.516320519
-4440,2606344.6217067023,2606514.5787316547
-4450,2650872.664557736,2651045.212061215
-4460,2696113.140145354,2696289.4077752624
-4470,2742076.6759083644,2742255.7245197147
-4480,2788774.046336174,2788956.133321959
-4490,2836216.1748450524,2836401.497800577
-4500,2884414.1356762117,2884602.533918642
-4510,2933379.1558161355,2933570.5698911543
-4520,2983122.616939211,2983317.2169493088
-4530,3033656.0573730757,3033854.668894881
-4540,3084991.174086709,3085192.930819808
-4550,3137139.824701781,3137345.351594736
-4560,3190114.029527187,3190322.5020846776
-4570,3243925.973617328,3244138.271069604
-4580,3298588.008854105,3298803.927436135
-4590,3354112.6560531417,3354332.480768257
-4600,3410512.607094195,3410735.7997251726
-4610,3467800.727076345,3468028.411458389
-4620,3525990.0564978854,3526222.184181719
-4630,3585093.8134614727,3585328.7808915908
-4640,3645125.3959045387,3645364.2056336175
-4650,3706098.383855483,3706340.997361728
-4660,3768026.5417156196,3768273.499085344
-4670,3830923.8205675166,3831174.9845697065
-4680,3894804.3605095865,3895060.609792405
-4690,3959682.493017595,3959943.0844236217
-4700,4025572.743333057,4025837.043585776
-4710,4092489.832878986,4092758.7128785467
-4720,4160448.681703233,4160721.988008116
-4730,4229464.410949649,4229741.858881268
-4740,4299552.345357438,4299834.799811981
-4750,4370728.015788936,4371015.460677394
-4760,4443007.161786136,4443299.377588883
-4770,4516405.73415625,4516702.874208275
-4780,4590939.897586599,4591242.112521896
-4790,4666626.033289147,4666933.501816591
-4800,4743480.741674979,4743792.648009929
-4810,4821520.845059037,4821838.07408491
-4820,4900763.390395381,4901087.112087194
-4830,4981225.652043378,4981552.766998593
-4840,5062925.134565048,5063257.239301469
-4850,5145879.57555392,5146218.551221602
-4860,5230106.94849574,5230451.453413839
-4870,5315625.46566134,5315976.113065874
-4880,5402453.581031956,5402809.522096139
-4890,5490609.993257396,5490972.045000665
-4900,5580113.648647376,5580481.922100159
-4910,5670983.7441963125,5671358.311834031
-4920,5763239.730641947,5763620.58802635
-4930,5856901.315558173,5857286.91690028
-4940,5951988.4664823655,5952381.448159874
-4950,6048521.414077557,6048920.669734429
-4960,6146520.655329901,6146926.474517269
-4970,6246006.95678166,6246419.675170323
-4980,6347001.357800147,6347420.243770947
-4990,6449525.17388298,6449951.626285696
-5000,6553600,6554033.652946068
-5010,6659247.713972217,6659688.361230308
-5020,6766490.479888234,6766939.175526081
-5030,6875350.751558293,6875806.472728306
-5040,6985851.276006663,6986314.166251321
-5050,7098015.097002535,7098484.943211317
-5060,7211865.558629832,7212343.305712005
-5070,7327426.308896238,7327911.824210372
-5080,7444721.303382149,7445213.082318385
-5090,7563774.808929638,7564276.95930046
-5100,7684611.407371951,7685119.994091211
-5110,7807255.999303847,7807773.95779475
-5120,7931733.807893349,7932259.124323374
-5130,8058070.382735353,8058604.922919894
-5140,8186291.603747111,8186834.334977546
-5150,8316423.68510648,8316975.9357255
-5160,8448493.179233156,8449054.237868492
-5170,8582526.980813308,8583097.928571941
-5180,8718552.330868071,8719129.073185623
-5190,8856596.820866253,8857185.214396125
-5200,8996688.396881834,8997284.364332927
-5210,9138855.36379678,9139462.791628174
-5220,9283126.389549175,9283743.284979127
-5230,9429530.509427553,9430158.533630164
-5240,9578097.130411804,9578733.641921068
-5250,9728856.035561066,9729503.98951265
-5260,9881837.388448888,9882494.578747278
-5270,10037071.737646438,10037740.602306595
-5280,10194590.021253979,10195268.599109901
-5290,10354423.571481407,10355113.168759715
-5300,10516604.119277813,10517304.381250532
-5310,10681163.799011048,10681872.625393242
-5320,10848135.153197441,10848856.803194877
-5330,11017551.137282588,11018282.919427583
-5340,11189445.124473048,11190192.288913587
-5350,11363850.910619995,11364609.390923936
-5360,11540802.719155127,11541572.306018032
-5370,11720335.206079537,11721116.750708219
-5380,11902483.465005593,11903275.820147995
-5390,12087283.032252748,12088089.744170217
-5400,12274769.891997736,12275588.078559564
-5410,12464980.481479758,12465812.754857767
-5420,12657951.696260797,12658796.670511242
-5430,12853720.895541929,12854581.322772691
-5440,13052325.907536326,13053196.708981976
-5450,13253805.034899069,13254690.20371909
-5460,13458197.060214652,13459098.274913501
-5470,13665541.251542352,13666453.55924695
-5480,13875877.36802068,13876804.49081398
-5490,14089245.665530788,14090189.095780257
-5500,14305686.90241986,14306644.474519499
-5510,14525242.345284682,14526214.051774148
-5520,14747953.774816314,14748939.735215172
-5530,14973863.491706483,14974864.59449077
-5540,15203014.322615808,15204028.872039542
-5550,15435449.62620486,15436481.138033181
-5560,15671213.299228562,15672262.551637439
-5570,15910349.782694787,15911413.605460841
-5580,16152904.068087012,16153986.065927314
-5590,16398921.7036525,16400019.795215648
-5600,16648448.800756034,16649564.656785926
-5610,16901532.04030036,16902665.038396467
-5620,17158218.679213412,17159368.981521342
-5630,17418556.55700308,17419723.3469413
-5640,17682594.10238084,17683776.8809899
-5650,17950380.339953516,17951584.07183628
-5660,18221964.896985658,18223185.623431027
-5670,18497398.01023129,18498639.209599014
-5680,18776730.53283701,18777995.676142715
-5690,19060013.941316616,19061293.742537916
-5700,19347300.342598207,19348599.698371176
-5710,19638642.481143966,19639960.835593093
-5720,19934093.746143475,19935430.589879632
-5730,20233708.178781733,20235067.536338706
-5740,20537540.479582217,20538920.468531486
-5750,20845646.0158252,20847045.568367947
-5760,21158080.829042885,21159502.985391844
-5770,21474901.642591648,21476349.80875893
-5780,21796165.86930218,21797630.081178106
-5790,22121931.61920828,22123420.55347112
-5800,22452257.70735457,22453766.358316842
-5810,22787203.66168487,22788735.923512626
-5820,23126829.7310112,23128386.105235275
-5830,23471196.893064275,23472773.76418917
-5840,23820366.862626214,23821969.079909828
-5850,24174402.099746607,24176026.997573256
-5860,24533365.818042547,24535011.421193138
-5870,24897321.993082993,24899000.730251856
-5880,25266335.37085858,25268038.342068538
-5890,25640471.476337895,25642197.955429956
-5900,26019796.622110818,26021549.122775845
-5910,26404377.917119447,26406153.35227092
-5920,26794283.275477543,26796090.050003182
-5930,27189581.425379835,27191414.59361433
-5940,27590341.918101575,27592185.53591924
-5950,27996635.137088772,27998527.25744031
-5960,28408532.307140738,28410450.28087121
-5970,28826105.503685202,28828046.51308755
-5980,29249427.662147604,29251404.27357518
-5990,29678572.58741421,29680577.223529644
-6000,30113614.96339068,30115648.129259802
-6010,30554630.362657364,30556691.773297068
-6020,31001695.256221563,31003793.159921683
-6030,31454887.023367338,31457013.386007678
-6040,31914283.96160467,31916440.92423238
-6050,32379965.296718355,32382146.005814668
-6060,32852011.192917593,32854230.233569536
-6070,33330502.763087314,33332755.599092785
-6080,33815522.07914156,33817813.81731826
-6090,34307152.18248088,34309469.117944546
-6100,34805477.09455443,34807831.93876003
-6110,35310581.82752662,35312966.133457735
-6120,35822552.395050384,35824976.97404047
-6130,36341475.82314803,36343935.27386083
-6140,36867440.16120043,36869933.71807506
-6150,37400534.49304503,37403068.55676215
-6160,37940848.94818397,37943417.622228414
-6170,38488474.71310391,38491083.789344355
-6180,39043504.04270835,39046142.384324625
-6190,39606030.27186216,39608716.30784571
-6200,40176147.827051,40178872.48466418
-6210,40753952.238156095,40756719.47334591
-6220,41339540.150345385,41342334.14621812
-6230,41933009.33608159,41935853.781254426
-6240,42534458.70724883,42537346.19663681
-6250,43143988.32739891,43146914.205947004
-6260,43761699.424118504,43764665.17003111
-6270,44387694.40151707,44390707.91581852
-6280,45022076.85283777,45025125.34281459
-6290,45664951.57319274,45668047.356084734
-6300,46316424.57242285,46319572.77236257
-6310,46976603.08808345,46979795.04527125
-6320,47645595.59855704,47648827.11578226
-6330,48323511.83629461,48326789.42586906
-6340,49010462.80118669,49013788.31575799
-6350,49706560.77406415,49709945.76684691
-6360,50411919.330331065,50415339.65998903
-6370,51126653.35373037,51130127.65427816
-6380,51850879.0502443,51854400.32360156
-6390,52584713.96212909,52588276.952393435
-6400,53328276.982086435,53331912.59975659
-6410,54081688.367572464,54085373.81693512
-6420,54845069.75524662,54848784.716085464
-6430,55618544.17555914,55622342.98205885
-6440,56402236.06748055,56406075.240823984
-6450,57196271.293373466,57200177.08523447
-6460,58000777.15400921,58004728.794879876
-6470,58815882.403728224,58819881.620621905
-6480,59641717.265746996,59645780.99963903
-6490,60478413.447613105,60482530.258278966
-6500,61326104.1568099,61330289.733712934
-6510,62184924.11650965,62189164.44597787
-6520,63055009.581478976,63059298.84254388
-6530,63936498.35413796,63940860.67593164
-6540,64829529.80077271,64833947.29463034
-6550,65734244.867903486,65738733.60297628
-6560,66650786.09880963,66655329.08322728
-6570,67579297.6502128,67583903.21359876
-6580,68519925.30912116,68524596.62772019
-6590,69472816.50983226,69477547.09462874
-6600,70438120.35109971,70442930.5206549
-6610,71415987.61346385,71420860.97098407
-6620,72406570.77674761,72411506.5600357
-6630,73410024.0377187,73415028.73748708
-6640,74426503.3279192,74431578.40081282
-6650,75456166.33166668,75461292.87115401
-6660,76499172.50422499,76504388.80820104
-6670,77555683.0901482,77560977.34039624
-6680,78625861.14179714,78631229.53395696
-6690,79709871.53803377,79715303.01325259
-6700,80807881.00309098,80813397.44731364
-6710,81920058.12562183,81925654.875829
-6720,83046573.37792704,83052242.88119043
-6730,84187599.1353668,84193368.49609889
-6740,85343309.69595422,85349141.27753566
-6750,86513881.30013397,86519793.62469174
-6760,87699492.15074584,87705476.9708653
-6770,88900322.4331787,88906400.27624127
-6780,90116554.33571304,90122717.40608078
-6790,91348372.0700535,91354606.14679298
-6800,92595961.89205536,92602284.50391498
-6810,93859512.12264545,93865914.37700847
-6820,95139213.16893902,95145728.76871994
-6830,96435257.54555473,96441853.30461915
-6840,97747839.89612725,97754521.55388486
-6850,99077157.01502356,99083933.86664693
-6860,100423407.86926153,100430307.6939234
-6870,101786793.62063144,101793764.32814595
-6880,103167517.64802477,103174592.41951324
-6890,104565785.5699727,104572941.14335443
-6900,105981805.26739089,105989080.41520049
-6910,107415786.90653977,107423138.6061526
-6920,108867942.96219563,108875409.8838973
-6930,110338488.24103686,110346041.26585399
-6940,111827639.90524854,111835299.66302034
-6950,113335617.49634606,113343399.09163557
-6960,114862642.95921749,114870519.91898388
-6970,116408940.66638967,116416941.0064795
-6980,117974737.44251885,117982754.02362803
-6990,119560262.58910799,119568446.33887927
-7000,121165747.90945102,121174041.14764777
-7010,122791427.73380756,122799836.03543134
-7020,124437538.94480985,124446068.0904914
-7030,126104321.003105,126112979.15566418
-7040,127792015.97323132,127800773.67930643
-7050,129500868.54973166,129509739.2329153
-7060,131231126.0835096,131240134.95394734
-7070,132983038.60842602,132992170.50923412
-7080,134756858.86813962,134766135.84792966
-7090,136552842.34319186,136562187.16215995
-7100,138371247.27834246,138380749.99228665
-7110,140212334.71015465,140221965.8787265
-7120,142076368.4948306,142086131.77330226
-7130,143963615.33630157,143973507.1964173
-7140,145874344.81457606,145884358.70817143
-7150,147808829.4143457,147819024.53821167
-7160,149767344.55385044,149777637.9034824
-7170,151750168.61400697,151760598.20586833
-7180,153757582.96780363,153768147.20936546
-7190,155789872.00996092,155800575.6772456
-7200,157847323.18686193,157858182.5286729
-7210,159930227.02675295,159941226.19742665
-7220,162038877.1702191,162050024.8820628
-7230,164173570.4009379,164184865.91180444
-7240,166334606.67670715,166346012.7959209
-7250,168522289.1607547,168533904.30781373
-7260,170736924.2533327,170748674.4943022
-7270,172978821.62359735,172990714.91676435
-7280,175248294.24177268,175260361.98716354
-7290,177545658.41160697,177557868.33243313
-7300,179871233.8031211,179883631.49420667
-7310,182225343.48565227,182237917.44303876
-7320,184608313.96119344,184621041.15861687
-7330,187020475.19803074,187033369.89933452
-7340,189462160.66468766,189475206.82371658
-7350,191933707.36416936,191946980.1847215
-7360,194435455.8685165,194448852.4674508
-7370,196967750.3536648,196981340.52571172
-7380,199530938.6346202,199544692.72104016
-7390,202125372.2009492,202139342.1850278
-7400,204751406.2525817,204765534.0026055
-7410,207409399.73593584,207423691.7795916
-7420,210099715.3803658,210114251.733079
-7430,212822719.73493457,212837407.16683453
-7440,215578783.20551232,215593662.11995763
-7450,218368280.09220377,218383344.32390928
-7460,221191588.6271125,221206871.4420952
-7470,224049091.01243782,224064559.23285863
-7480,226941173.45891055,226956842.74675423
-7490,229868226.22456673,229884124.29968187
-7500,232830643.65386957,232846712.21278924
-7510,235828824.21717608,235845112.92954245
-7520,238863170.5505514,238879616.65107128
-7530,241934089.4959346,241950790.99933967
-7540,245041992.14166212,245058875.36400583
-7550,248187293.86334768,248204462.69125357
-7560,251370414.36512187,251387798.2623401
-7570,254591777.72123367,254609313.78729054
-7580,257851812.41802144,257869581.61171126
-7590,261150951.39625216,261169019.78204554
-7600,264489632.09383246,264507940.64376667
-7610,267868296.48889187,267886840.35743862
-7620,271287391.1432485,271306141.541446
-7630,274747367.24625665,274766446.2926085
-7640,278248680.6590324,278267873.80846554
-7650,281791791.95907104,281811331.5068554
-7660,285377166.4852546,285396883.6594206
-7670,289005274.3832517,289025298.73752224
-7680,292676590.6513155,292696837.4222769
-7690,296391595.1864764,296412100.55015844
-7700,300150772.8311435,300171520.8751488
-7710,303954613.42011166,303975650.8582714
-7720,307803611.8279735,307824928.5342663
-7730,311698268.01694447,311719866.2687291
-7740,315639087.085108,315660947.2407734
-7750,319626579.31507814,319648747.9333529
-7760,323661260.22308105,323683668.9497426
-7770,327743650.60846376,327766350.5702371
-7780,331874276.603634,331897306.13298446
-7790,336053669.72443295,336076863.4904193
-7800,340282366.92093855,340305951.8514893
-7810,344560910.62871236,344584817.76042366
-7820,348889848.820487,348914109.804231
-7830,353269735.05830413,353294163.0040533
-7840,357701128.5460963,357725952.2171815
-7850,362184594.1827217,362209632.28144974
-7860,366720702.6154604,366746124.058806
-7870,371310030.2939715,371335831.03306824
-7880,375953159.5247078,375979216.9452578
-7890,380650678.52579856,380677088.57461035
-7900,385403181.4824115,385429869.48438966
-7910,390211268.60258234,390238383.6171548
-7920,395075546.1735247,395102942.08142215
-7930,399996626.6184201,400024391.7191563
-7940,404975128.5536976,405003249.44183064
-7950,410011676.8468038,410040160.6013006
-7960,415106902.67446166,415135703.38306564
-7970,420261443.5814283,420290608.4651846
-7980,425475943.5397564,425505535.39096427
-7990,430751053.00856,430781019.2017405
-8000,436087428.9942889,436117706.2989707
-8010,441485735.1115132,441516363.5117443
-8020,446946641.64422697,446977699.1516521
-8030,452470825.6076784,452502223.13266003
-8040,458058970.81071615,458090799.83488435
-8050,463711767.91866535,463743943.5341878
-8060,469429914.5167432,469462531.2352999
-8070,475214115.1740094,475247039.5778424
-8080,481065081.50785416,481098536.45783824
-8090,486983532.24903315,487017421.60464835
-8100,492970193.3072534,493004374.99511725
-8110,499025797.8373165,499060482.55789727
-8120,505151086.30581385,505186229.85576123
-8130,511346806.5583825,511382244.6851691
-8140,517613713.88754004,517649631.56995213
-8150,523952571.1010731,523988996.7209856
-8160,530364148.5910204,530400995.1770437
-8170,536849224.4032194,536886568.7859432
-8180,543408584.3074429,543446459.6870561
-8190,550043021.8681278,550081301.4337947
-8200,556753338.5156947,556792090.3510494
-8210,563540343.6184661,563579616.2967689
-8220,570404854.5551786,570444558.6066495
-8230,577347696.7881136,577387888.4764925
-8240,584369703.9368387,584410297.7623278
-8250,591471717.8525568,591513027.2024109
-8260,598654588.6930776,598696299.9518201
-8270,605919174.9984215,605961423.427857
-8280,613266343.7670518,613309127.1910157
-8290,620696970.5327377,620740225.8826045
-8300,628211939.4420542,628255571.0074229
-8310,635812143.3325382,635856460.9287229
-8320,643498483.8114861,643543389.111184
-8330,651271871.3354092,651317343.0454317
-8340,659133225.2901385,659179071.0870075
-8350,667083474.0716099,667129936.8143237
-8360,675123555.1673095,675170670.1980807
-8370,683254415.238394,683301988.9242626
-8380,691477010.2024883,691525272.5444962
-8390,699792305.3171703,699841119.1931405
-8400,708201275.2641524,708250710.7341456
-8410,716704904.2341465,716754914.530864
-8420,725304186.0124288,725354801.6443378
-8430,734000124.0651197,734051535.9496553
-8440,742793731.6261736,742845606.8045963
-8450,751686031.7850723,751738514.3191783
-8460,760678057.5752507,760731188.7442904
-8470,769770852.0632441,769824584.775344
-8480,778965468.438576,779019875.7844329
-8490,788262970.1043744,788318065.1350482
-8500,797664430.7687259,797720149.354444
-8510,807170934.5367948,807227262.8912596
-8520,816783576.0036905,816840703.8070945
-8530,826503460.3480844,826561260.2854773
-8540,836331703.426601,836390117.2855676
-8550,846269431.8689829,846328293.2497624
-8560,856317783.1740257,856377590.7142603
-8570,866477905.8063024,866538612.9290199
-8580,876750959.2936668,876812151.9027498
-8590,887138114.3255554,887200149.5745847
-8600,897640552.8521001,897703371.4898751
-8610,908259468.184031,908323002.1832898
-8620,918996065.0933954,919060261.7293246
-8630,929851559.9150958,929916951.9290209
-8640,940827180.6492634,940892946.3877605
-8650,951924167.0644443,951990829.3328367
-8660,963143770.8016244,963211126.3882298
-8670,974487255.4791039,974555473.8503518
-8680,985955896.7982253,986024931.5459082
-8690,997550982.6499412,997620752.2941871
-8700,1009273813.2222477,1009344546.3587444
-8710,1021125701.1084908,1021197220.5383835
-8720,1033107971.4165483,1033180295.6558827
-8730,1045221961.8788831,1045295186.270049
-8740,1057469022.9634807,1057543020.6742218
-8750,1069850517.9856942,1069925407.2162904
-8760,1082367823.2209823,1082443630.830341
-8770,1095022328.0185463,1095099218.7627258
-8780,1107815434.9158854,1107892881.2839096
-8790,1120748559.7542725,1120827028.9577403
-8800,1133823131.7951615,1133902566.5276554
-8810,1147040593.8375149,1147121058.456544
-8820,1160402402.3360724,1160483488.539386
-8830,1173910027.5205808,1173992300.6811244
-8840,1187564953.5159652,1187648147.478322
-8850,1201368678.4634633,1201452819.8650408
-8860,1215322714.6427202,1215407925.7199943
-8870,1229428588.5948656,1229514791.159075
-8880,1243687841.2465818,1243774991.3448443
-8890,1258102028.035138,1258190220.6902735
-8900,1272672719.0344305,1272762167.4563634
-8910,1287401499.082031,1287491772.2717671
-8920,1302289967.9072418,1302381132.792265
-8930,1317339740.2601676,1317432078.5303109
-8940,1332552446.0418024,1332645979.9955146
-8950,1347929730.4351652,1348024330.8250704
-8960,1363473254.0374715,1363568668.8337574
-8970,1379184692.993347,1379281688.179528
-8980,1395065739.1290808,1395163674.8257961
-8990,1411118100.0879748,1411217019.1792107
-9000,1427343499.4667482,1427443785.14379
-9010,1443743676.953003,1443845004.7109346
-9020,1460320388.4637904,1460422960.1917806
-9030,1477075406.2852707,1477178912.253602
-9040,1494010519.2134783,1494115589.8051538
-9050,1511127532.6961777,1511234103.8140454
-9060,1528428268.9758518,1528535666.8070781
-9070,1545914567.2338006,1546023146.1623697
-9080,1563588283.7354054,1563698247.9957795
-9090,1581451291.9764874,1581561927.8580801
-9100,1599505482.830842,1599617866.1778753
-9110,1617752764.698931,1617866656.6369128
-9120,1636195063.657738,1636309959.2380195
-9130,1654834323.611794,1654950881.3071263
-9140,1673672506.4453738,1673790208.4651134
-9150,1692711592.1759024,1692830882.569907
-9160,1711953579.1085653,1712074002.6013374
-9170,1731400483.992097,1731522341.2987952
-9180,1751054342.1758049,1751177560.1888857
-9190,1770917207.7678077,1771041551.4568295
-9200,1790991153.7945418,1791117066.9079044
-9210,1811278272.3614554,1811405504.4665427
-9220,1831780674.8149807,1831909509.576412
-9230,1852500491.9057765,1852630918.052115
-9240,1873439873.9532213,1873571768.69343
-9250,1894600991.011201,1894734028.2055042
-9260,1915986033.0351486,1916120774.0610805
-9270,1937597210.0504224,1937733700.3870838
-9280,1959436752.3219612,1959574412.2061555
-9290,1981506910.5252788,1981646472.580095
-9300,2003809955.918732,2003950759.1512973
-9310,2026348180.5171669,2026490974.7512355
-9320,2049123897.266924,2049268302.7212527
-9330,2072139440.2221143,2072285133.2684035
-9340,2095397164.7223332,2095544776.1535757
-9350,2118899447.5717096,2119048600.532328
-9360,2142648687.2193537,2142799907.1339176
-9370,2166647303.941167,2166800134.177425
-9380,2190897740.023069,2191050603.2319365
-9390,2215402459.945642,2215558291.6308374
-9400,2240163950.5701656,2240321355.261933
-9410,2265184721.3261166,2265344396.5118146
-9420,2290467304.400089,2290628903.530972
-9430,2316014254.926129,2316177629.4414744
-9440,2341828151.1775994,2341993312.4659457
-9450,2367911594.7604647,2368078677.898795
-9460,2394267210.8080664,2394436232.817079
-9470,2420897648.177372,2421068616.7463136
-9480,2447805579.6467566,2447978153.3485556
-9490,2474993702.1152773,2475168039.014701
-9500,2502464736.803473,2502641446.630099
-9510,2530221429.455655,2530400006.4354787
-9520,2558266550.5438166,2558447630.028051
-9530,2586602895.4730377,2586784684.5701504
-9540,2615233284.7884707,2615418135.025315
-9550,2644160564.383894,2644347632.43073
-9560,2673387605.711844,2673576359.83435
-9570,2702917305.995377,2703107926.8417373
-9580,2732752588.441418,2732945454.25472
-9590,2762896402.4556875,2763091482.2391663
-9600,2793351723.859308,2793548962.3165436
-9610,2824121555.1070704,2824320838.72864
-9620,2855208925.507284,2855410797.693192
-9630,2886616891.443314,2886820851.756246
-9640,2918348536.596828,2918555150.5476227
-9650,2950406972.172697,2950615775.030184
-9660,2982795337.125614,2983006230.6082907
-9670,3015516798.388351,3015729986.485051
-9680,3048574551.101861,3048789739.3100824
-9690,3081971818.847015,3082190200.9231625
-9700,3115711853.8781095,3115932680.6113615
-9710,3149797937.3581448,3150020588.816143
-9720,3184233379.5958395,3184458499.2286525
-9730,3219021520.2844834,3219248955.3324842
-9740,3254165728.742518,3254395418.0224476
-9750,3289669404.1559463,3289902508.404538
-9760,3325535975.822589,3325770873.2600393
-9770,3361768903.398118,3362006213.3256145
-9780,3398371677.143985,3398612624.4241333
-9790,3435347818.1771526,3435590501.1101136
-9800,3472700878.721718,3472946266.593423
-9810,3510434442.3624396,3510682208.0814614
-9820,3548552124.3001328,3548803113.216161
-9830,3587057571.608918,3587310894.5383983
-9840,3625954463.4954967,3626210765.3731422
-9850,3665246511.5602927,3665506141.266362
-9860,3704937460.0605326,3705198651.115623
-9870,3745031086.175288,3745296434.6233463
-9880,3785531200.27251,3785800211.313943
-9890,3826441646.1780505,3826711914.594952
-9900,3867766301.4466534,3868039724.3877044
-9910,3909509077.634957,3909784808.1633677
-9920,3951673920.576527,3951953588.1903625
-9930,3994264810.658983,3994547683.93643
-9940,4037285763.103079,4037571851.653776
-9950,4080740828.2439046,4081030516.8251557
-9960,4124634091.8141603,4124927140.758995
-9970,4168969675.229548,4169264117.298888
-9980,4213751735.876225,4214050153.2916265
-9990,4258984467.4003854,4259286001.5299926
